"strain","mean_median_wormlength_um_delta_reg"
"ECA2151",-130.242199659673
"ECA882",53.313509402538
"ECA928",25.5214751882355
"JR4305",52.6591467836311
"JU1581",-198.926144850502
"JU3282",46.1426993027487
"JU360",45.5936962273615
"N2",-211.114523121956
"NIC1107",46.7066321951175
"NIC1792",-191.50679804865
"NIC1832",38.4585940610417
"NIC2021",39.3438222307252
"NIC2076",36.3108257027289
"WN2002",60.0046546709041
"XZ1734",55.8110776107083
