"strain","mean_median_wormlength_um_reg_delta"
"BRC20391",-189.872469812741
"NIC1563",-204.022895655064
"NIC389",-151.988887786899
"NIC58",-305.911577271572
"NIC936",-228.328234692638
"NIC957",-160.372584754659
"NIC993",-183.061967188358
